"subject","csv_name","IMC","loss_control","age","PNS","LOC","genre","genre_binaire","prop_correct","HIT","MISS","FA","CR","HIT_corr","FA_corr","dprime","c","HIT_outlier","FA_outlier","nb_timeout","RT_HITS","RT_MISS","RT_FA","RT_CR"
1,"349417_210413_160008.csv","1","1",24,35,29,"Homme",0,0.656,0.533,0.467,0,1,0.531,0.036,1.88,0.86,0.5,0.188,4,1005.125,1370.571,NA,1255.615
2,"349417_210413_160446.csv","1","1",21,44,27,"Homme",0,0.875,0.875,0.125,0.125,0.875,0.853,0.147,2.1,0,0.875,0.125,0,1068.571,967,1016,928.214
3,"349417_210413_160453.csv","1","1",21,52,29,"Femme",1,0.688,0.8,0.2,0.231,0.769,0.781,0.25,1.45,-0.05,0.75,0.375,4,1179.667,1317,1501.333,1396.7
4,"349417_210413_161258.csv","1","0",22,49,41,"Homme",0,0.625,0.833,0.167,0.091,0.909,0.808,0.125,2.02,0.14,0.625,0.375,9,1396.2,1515.5,1002,1285.8
5,"349417_210413_163112.csv","1","0",22,39,38,"Femme",1,0.062,NA,NA,0,1,0.5,0.167,0.97,0.48,0,0.875,30,NA,NA,NA,1625.5
6,"349417_210413_163302.csv","1","0",24,36,26,"Femme",1,0.531,0.308,0.692,0.071,0.929,0.321,0.1,0.82,0.87,0.25,0.188,5,856,1080.556,657,870.462
7,"349417_210413_163450.csv","1","0",23,51,38,"Homme",0,0.5,0.75,0.25,0.222,0.778,0.731,0.25,1.29,0.03,0.562,0.562,11,1479.778,1467.667,1476,956.857
8,"349417_210413_163509.csv","1","0",21,47,28,"Femme",1,0.344,0.556,0.444,0.333,0.667,0.55,0.35,0.51,0.13,0.312,0.625,14,1217,1430.75,937.333,1276.5
9,"349417_210413_163542.csv","1","1",20,46,34,"Femme",1,0.469,0.636,0.364,0,1,0.625,0.056,1.91,0.64,0.438,0.5,13,1056.714,1367,NA,989.875
10,"349417_210413_163825.csv","1","1",22,48,31,"Femme",1,0.75,0.625,0.375,0.125,0.875,0.618,0.147,1.35,0.37,0.625,0.125,0,976.2,1112,1204,1161.714
11,"349417_210413_164535.csv","1","0",22,54,35,"Femme",1,0.688,0.867,0.133,0.357,0.643,0.844,0.367,1.35,-0.33,0.812,0.438,3,809.692,787.5,802,949.333
12,"349417_210413_164919.csv","1","1",20,42,37,"Homme",0,0.188,0.667,0.333,0,1,0.625,0.1,1.6,0.48,0.125,0.75,25,693,819,NA,811.25
13,"349417_210413_170012.csv","1","1",23,59,34,"Homme",0,0.469,0.308,0.692,0.267,0.733,0.321,0.281,0.12,0.52,0.25,0.312,4,1237.25,1059.667,998.5,965.273
14,"349417_210413_170753.csv","1","1",45,32,34,"Femme",1,0.219,0.625,0.375,0.714,0.286,0.611,0.688,-0.21,-0.39,0.312,0.875,17,970.8,1256.333,1374.2,977.5
15,"349417_210413_173411.csv","1","0",21,51,39,"Femme",1,0.719,0.875,0.125,0.4,0.6,0.853,0.406,1.29,-0.41,0.875,0.438,1,568,1169.5,786.833,873.111
16,"349417_210413_182517.csv","1","1",25,34,28,"Homme",0,0.469,0.636,0.364,0.111,0.889,0.625,0.15,1.36,0.36,0.438,0.5,12,1441.286,1630.25,1824,1595.375
17,"349417_210413_183503.csv","1","0",24,57,37,"Homme",0,0.562,0.625,0.375,0.467,0.533,0.618,0.469,0.38,-0.11,0.625,0.5,1,669.7,767.833,509.429,891.875
18,"349417_210413_191221.csv","1","0",20,45,40,"Homme",0,0.625,0.812,0.188,0.533,0.467,0.794,0.531,0.74,-0.45,0.812,0.562,1,719.077,588,754.75,769.429
19,"349417_210413_192818.csv","1","1",18,44,28,"Homme",0,0.219,0.5,0.5,0,1,0.5,0.071,1.47,0.73,0.062,0.625,24,1425,1367,NA,1567.167
20,"349417_210413_193339.csv","1","0",48,48,34,"Femme",1,0.781,0.875,0.125,0.312,0.688,0.853,0.324,1.51,-0.3,0.875,0.312,0,840.643,1153.5,913.4,855.636
21,"349417_210413_194120.csv","1","0",21,48,35,"Femme",1,0.688,0.643,0.357,0.133,0.867,0.633,0.156,1.35,0.33,0.562,0.188,3,1450.444,1381,1267,1475.385
22,"349417_210413_194601.csv","1","1",35,27,34,"Homme",0,0.781,0.875,0.125,0.312,0.688,0.853,0.324,1.51,-0.3,0.875,0.312,0,889.929,1454.5,1029.6,1139.091
23,"349417_210413_194813.csv","1","1",20,54,28,"Homme",0,0.312,0.5,0.5,0,1,0.5,0.071,1.47,0.73,0.25,0.625,18,1397.5,1085.25,NA,1493.167
24,"349417_210413_202452.csv","1","0",20,58,32,"Femme",1,0.188,0.6,0.4,0,1,0.583,0.125,1.36,0.47,0.188,0.812,24,1312.667,1785,NA,1538
25,"349417_210413_210657.csv","1","1",57,50,39,"Femme",1,0.281,0.75,0.25,0.4,0.6,0.722,0.417,0.8,-0.19,0.375,0.812,19,1025.333,752.5,1106.5,1160
26,"349417_210414_000354.csv","1","0",21,45,30,"Homme",0,0.75,0.8,0.2,0.2,0.8,0.781,0.219,1.55,0,0.75,0.25,2,740.75,900.667,902.667,758.167
27,"349417_210414_062227.csv","1","1",25,33,40,"Femme",1,0.031,1,0,NA,NA,0.75,0.5,0.67,-0.34,0.062,1,31,1178,NA,NA,NA
28,"349417_210414_065408.csv","1","1",24,43,31,"Femme",1,0,0,1,NA,NA,0.25,0.5,-0.67,0.34,0,1,31,NA,1115,NA,NA
29,"349417_210414_074352.csv","1","0",25,56,25,"Homme",0,0.656,0.5,0.5,0.188,0.812,0.5,0.206,0.82,0.41,0.5,0.188,0,688,650.75,569,661.077
30,"349417_210414_080606.csv","1","0",19,36,28,"Homme",0,0.844,0.938,0.062,0.25,0.75,0.912,0.265,1.98,-0.36,0.938,0.25,0,842.733,935,851.75,800.583
31,"349417_210414_092557.csv","1","1",21,28,30,"Homme",0,0,NA,NA,NA,NA,0.5,0.5,0,0,0,1,32,NA,NA,NA,NA
32,"349417_210414_120710.csv","1","1",21,39,33,"Homme",0,0.312,0.75,0.25,0.6,0.4,0.722,0.591,0.36,-0.41,0.375,0.75,14,1151,1017.5,971.167,1343
33,"349417_210414_133424.csv","1","0",19,52,40,"Femme",1,0.094,0.5,0.5,0.6,0.4,0.5,0.583,-0.21,-0.11,0.062,0.875,25,1697,1295,1867.667,1852
34,"349417_210414_161646.csv","1","1",19,46,30,"Femme",1,0.094,1,0,0.5,0.5,0.833,0.5,0.97,-0.48,0.125,0.938,28,1576,NA,982,2009
35,"349417_210414_193201.csv","1","0",19,22,29,"Femme",1,0.094,1,0,1,0,0.875,0.75,0.48,-0.91,0.188,1,28,1578.333,NA,1177,NA
36,"349417_210415_075342.csv","1","0",27,54,43,"Femme",1,0.812,0.75,0.25,0.125,0.875,0.735,0.147,1.68,0.21,0.75,0.125,0,911.75,1054.5,1496,1122.643
37,"349417_210415_080515.csv","1","1",22,36,30,"Femme",1,0.656,0.5,0.5,0.067,0.933,0.5,0.094,1.32,0.66,0.438,0.125,3,962.429,815.571,1013,953.214
38,"349417_210415_144555.csv","1","1",25,43,25,"Femme",1,0.344,0.571,0.429,0,1,0.562,0.062,1.69,0.69,0.25,0.562,18,1381.25,1053.333,NA,1227.857
39,"349417_210415_150902.csv","1","0",20,42,27,"Femme",1,0.094,1,0,0,1,0.833,0.25,1.64,-0.15,0.125,0.938,29,1344.5,NA,NA,1286
40,"349417_210415_151656.csv","1","1",22,40,36,"Homme",0,0.094,0.5,0.5,0,1,0.5,0.167,0.97,0.48,0.062,0.875,28,1352,1424,NA,1003
41,"349417_210415_152151.csv","1","1",24,44,19,"Femme",1,0.094,1,0,0,1,0.75,0.167,1.64,0.15,0.062,0.875,29,1347,NA,NA,1233.5
42,"349417_210415_152634.csv","1","1",21,49,37,"Homme",0,0.031,1,0,NA,NA,0.75,0.5,0.67,-0.34,0.062,1,31,793,NA,NA,NA
43,"349417_210415_153114.csv","1","0",25,45,24,"Femme",1,0.312,0.833,0.167,0,1,0.786,0.083,2.17,0.3,0.312,0.688,21,1053.8,1159,NA,857
44,"349417_210415_153520.csv","0","0",20,47,35,"Femme",1,0.062,0.5,0.5,0,1,0.5,0.25,0.67,0.34,0.062,0.938,29,1297,1333,NA,1495
45,"349417_210415_153748.csv","1","1",25,53,41,"Femme",1,0.844,0.812,0.188,0.125,0.875,0.794,0.147,1.87,0.11,0.812,0.125,0,773.923,799.667,806.5,881.286
46,"349417_210415_154259.csv","1","0",20,65,37,"Femme",1,0.062,1,0,0,1,0.75,0.25,1.35,0,0.062,0.938,30,1610,NA,NA,1908
47,"349417_210415_154313.csv","1","0",19,42,32,"Femme",1,0.812,0.812,0.188,0.188,0.812,0.794,0.206,1.64,0,0.812,0.188,0,931.846,937.667,1155.667,975.923
48,"349417_210415_160417.csv","1","1",19,57,34,"Femme",1,0.781,0.688,0.312,0.125,0.875,0.676,0.147,1.51,0.3,0.688,0.125,0,863.727,934.6,740.5,1039.571
49,"349417_210415_160500.csv","1","1",25,37,27,"Femme",1,0.812,0.667,0.333,0,1,0.656,0.029,2.29,0.74,0.625,0,1,863.8,1004.2,NA,1037.812
50,"349417_210415_161835.csv","1","0",18,49,29,"Femme",1,0.406,0.875,0.125,0.333,0.667,0.833,0.35,1.35,-0.29,0.438,0.625,15,1132.714,1389,1351,1533.667
51,"349417_210415_162141.csv","1","1",18,63,36,"Homme",0,0,0,1,NA,NA,0.25,0.5,-0.67,0.34,0,1,31,NA,1740,NA,NA
52,"349417_210415_162557.csv","1","0",23,52,29,"Femme",1,0.781,0.688,0.312,0.125,0.875,0.676,0.147,1.51,0.3,0.688,0.125,0,579.818,805,562,651.143
53,"349417_210415_165149.csv","1","0",23,41,24,"Femme",1,0.219,0.429,0.571,0.429,0.571,0.438,0.438,0,0.16,0.188,0.75,18,666.333,769.75,697.667,581.25
54,"349417_210415_170743.csv","1","0",21,56,43,"Femme",1,0.75,1,0,0.286,0.714,0.967,0.3,2.36,-0.65,0.875,0.375,4,857.071,NA,1049.75,1141.9
55,"349417_210415_172342.csv","1","1",26,46,34,"Femme",1,0.781,0.625,0.375,0,1,0.618,0.031,2.16,0.78,0.625,0.062,1,1011.6,1153,NA,963.333
56,"349417_210415_175144.csv","1","1",42,41,34,"Homme",0,0.344,0.455,0.545,0.333,0.667,0.458,0.35,0.28,0.24,0.312,0.625,12,1020.4,1174.833,1508,1118.5
57,"349417_210415_185035.csv","1","0",44,45,29,"Femme",1,0.031,0,1,0.5,0.5,0.125,0.5,-1.15,0.58,0,0.938,27,NA,1600,1956,1842
58,"349417_210415_191352.csv","1","1",20,56,27,"Femme",1,0,NA,NA,NA,NA,0.5,0.5,0,0,0,1,32,NA,NA,NA,NA
59,"349417_210415_195732.csv","1","0",25,54,33,"Femme",1,0.312,0.625,0.375,0.167,0.833,0.611,0.214,1.07,0.25,0.312,0.688,18,1459,1342.333,1417,1368.8
60,"349417_210415_203707.csv","1","1",20,54,30,"Femme",1,0.094,1,0,0.5,0.5,0.833,0.5,0.97,-0.48,0.125,0.938,28,1400,NA,1764,1286
61,"349417_210415_211817.csv","1","1",25,49,34,"Homme",0,0.031,0.333,0.667,NA,NA,0.375,0.5,-0.32,0.16,0.062,1,29,1209,1184,NA,NA
62,"349417_210416_001100.csv","1","1",40,54,35,"Femme",1,0.531,0.727,0.273,0.25,0.75,0.708,0.269,1.16,0.03,0.5,0.438,9,1317.75,1664.667,1804.333,1427.222
63,"349417_210416_005811.csv","1","0",21,45,30,"Homme",0,0.562,0.625,0.375,0.5,0.5,0.618,0.5,0.3,-0.15,0.625,0.5,0,584.5,649.333,585.75,503.125
64,"349417_210416_015428.csv","1","0",20,50,40,"Femme",1,0.5,0.667,0.333,0.571,0.429,0.656,0.567,0.23,-0.29,0.625,0.625,3,808.4,559,851.875,727.333
65,"349417_210416_082135.csv","1","1",25,56,39,"Homme",0,0.812,0.786,0.214,0.062,0.938,0.767,0.088,2.08,0.31,0.688,0.062,2,1240.364,1723.667,1234,1269.4
66,"349417_210416_083911.csv","1","0",23,50,35,"Femme",1,0,NA,NA,NA,NA,0.5,0.5,0,0,0,1,32,NA,NA,NA,NA
67,"349417_210416_084055.csv","1","0",25,40,31,"Homme",0,0.031,0.5,0.5,NA,NA,0.5,0.5,0,0,0.062,1,30,1238,1306,NA,NA
68,"349417_210416_084712.csv","1","1",29,41,36,"Femme",1,0.219,0.667,0.333,0.5,0.5,0.643,0.5,0.37,-0.18,0.25,0.812,20,936.25,993.5,1129,1518
69,"349417_210416_085024.csv","1","1",25,60,42,"Femme",1,0.781,1,0,0.4,0.6,0.971,0.406,2.13,-0.83,1,0.438,1,758.062,NA,675.167,1038.667
70,"349417_210416_085259.csv","1","0",25,26,28,"Femme",1,0,0,1,NA,NA,0.25,0.5,-0.67,0.34,0,1,31,NA,23,NA,NA
71,"349417_210416_085324.csv","1","0",29,47,23,"Femme",1,0,0,1,NA,NA,0.25,0.5,-0.67,0.34,0,1,31,NA,1809,NA,NA
72,"349417_210416_085757.csv","1","1",26,60,39,"Homme",0,0.719,0.75,0.25,0.312,0.688,0.735,0.324,1.09,-0.09,0.75,0.312,0,877.25,826.25,933,961.455
73,"349417_210416_092642.csv","1","1",19,31,41,"Femme",1,0.844,0.867,0.133,0,1,0.844,0.033,2.84,0.41,0.812,0.125,3,688.154,794,NA,883.429
74,"349417_210416_093449.csv","1","1",25,34,27,"Femme",1,0.688,0.75,0.25,0.333,0.667,0.735,0.344,1.03,-0.11,0.75,0.375,1,617.417,996.5,688.4,634.8
75,"349417_210416_093530.csv","1","0",30,46,26,"Femme",1,0.562,0.818,0.182,0.25,0.75,0.792,0.269,1.43,-0.1,0.562,0.438,9,1101.333,1454,937.333,949.333
76,"349417_210416_093535.csv","1","1",28,50,31,"Homme",0,0.781,0.625,0.375,0.062,0.938,0.618,0.088,1.65,0.53,0.625,0.062,0,841.1,942.167,684,815.8
77,"349417_210416_093831.csv","1","0",32,64,36,"Femme",1,0.156,1,0,0,1,0.875,0.167,2.12,-0.09,0.188,0.875,27,1520.667,NA,NA,1450
78,"349417_210416_093833.csv","1","0",26,49,34,"Homme",0,0.844,0.938,0.062,0.2,0.8,0.912,0.219,2.13,-0.29,0.938,0.25,1,1577.133,1880,1430.667,1434.667
79,"349417_210416_094313.csv","1","0",23,48,38,"Homme",0,0.812,0.812,0.188,0.188,0.812,0.794,0.206,1.64,0,0.812,0.188,0,979,1238.667,1239,1238.923
80,"349417_210416_094609.csv","1","1",30,68,37,"Femme",1,0.531,0.75,0.25,0.2,0.8,0.731,0.227,1.36,0.07,0.562,0.5,10,1260.444,966.667,1496,1049.875
81,"349417_210416_095536.csv","0","1",26,43,32,"Homme",0,0.531,0.818,0.182,0.2,0.8,0.792,0.227,1.56,-0.03,0.562,0.5,11,1005.444,816,1360.5,1150.25
82,"349417_210416_095839.csv","1","0",50,28,36,"Homme",0,0.031,1,0,NA,NA,0.75,0.5,0.67,-0.34,0.062,1,31,1870,NA,NA,NA
83,"349417_210416_100158.csv","1","1",23,31,28,"Homme",0,0.031,1,0,NA,NA,0.75,0.5,0.67,-0.34,0.062,1,31,760,NA,NA,NA
84,"349417_210416_100218.csv","1","1",23,60,30,"Homme",0,0.469,0.615,0.385,0.125,0.875,0.607,0.167,1.24,0.35,0.5,0.562,11,1314.375,1724.4,1502,1234.143
85,"349417_210416_100347.csv","1","0",27,56,29,"Femme",1,0.125,NA,NA,0,1,0.5,0.1,1.28,0.64,0,0.75,28,NA,NA,NA,1386.75
86,"349417_210416_100444.csv","1","0",26,55,31,"Homme",0,0.438,0.667,0.333,0,1,0.643,0.045,2.06,0.66,0.25,0.375,16,1693.5,1900.5,NA,1606.8
87,"349417_210416_101130.csv","1","1",25,50,23,"Homme",0,0.75,0.875,0.125,0.286,0.714,0.853,0.3,1.57,-0.26,0.875,0.375,2,835.714,1085.5,651.75,770.6
88,"349417_210416_102101.csv","1","0",23,37,40,"Femme",1,0.781,0.688,0.312,0.125,0.875,0.676,0.147,1.51,0.3,0.688,0.125,0,764.636,814,710,788.714
89,"349417_210416_103538.csv","1","0",24,31,27,"Homme",0,0.156,1,0,0,1,0.875,0.167,2.12,-0.09,0.188,0.875,27,1226,NA,NA,1102.5
90,"349417_210416_103907.csv","0","0",20,52,25,"Femme",1,0.781,0.812,0.188,0.25,0.75,0.794,0.265,1.45,-0.1,0.812,0.25,0,731.615,803,750.75,893.583
91,"349417_210416_104429.csv","1","0",24,60,30,"Femme",1,0.688,0.733,0.267,0.214,0.786,0.719,0.233,1.31,0.07,0.688,0.312,3,848.636,904.5,915,888.273
92,"349417_210416_105152.csv","1","1",27,48,42,"Homme",0,0.094,0.333,0.667,0,1,0.375,0.167,0.65,0.64,0.062,0.875,27,1712,1925,NA,1515
93,"349417_210416_105854.csv","1","1",18,33,42,"Homme",0,0.625,0.786,0.214,0.25,0.75,0.767,0.269,1.34,-0.06,0.688,0.438,6,1069.545,1224,661.667,967.444
94,"349417_210416_110024.csv","1","1",24,52,29,"Femme",1,0.75,0.533,0.467,0,1,0.531,0.029,1.97,0.91,0.5,0,1,721.25,681.429,NA,738.75
95,"349417_210416_111706.csv","1","1",29,40,22,"Femme",1,0.469,0.188,0.812,0.25,0.75,0.206,0.265,-0.19,0.72,0.188,0.25,0,951,735.462,961,820.667
96,"349417_210416_111818.csv","1","0",28,61,24,"Femme",1,0.062,1,0,0,1,0.75,0.25,1.35,0,0.062,0.938,30,1972,NA,NA,1930
97,"349417_210416_120434.csv","1","0",34,39,15,"Homme",0,0.688,0.625,0.375,0.143,0.857,0.618,0.167,1.27,0.33,0.625,0.25,2,999.6,888.667,888.5,917.75
98,"349417_210416_122015.csv","1","1",28,43,32,"Femme",1,0.438,0.875,0.125,0,1,0.833,0.062,2.5,0.28,0.438,0.562,17,1018.571,623,NA,1133.857
99,"349417_210416_124357.csv","1","0",32,55,35,"Homme",0,0.656,0.571,0.429,0.133,0.867,0.567,0.156,1.18,0.42,0.5,0.188,3,822.75,934.167,701,895.385
100,"349417_210416_125014.csv","1","1",28,37,33,"Femme",1,0.469,1,0,0.556,0.444,0.958,0.55,1.61,-0.93,0.688,0.75,12,1140.273,NA,1376,1492
101,"349417_210416_125544.csv","1","0",24,52,30,"Femme",1,0.531,0.556,0.444,0.2,0.8,0.55,0.219,0.9,0.33,0.312,0.25,8,969.4,1105,797,1218.75
102,"349417_210416_130820.csv","1","0",23,29,40,"Homme",0,0.25,0.5,0.5,0.167,0.833,0.5,0.214,0.79,0.4,0.188,0.688,20,665.333,769.667,1460,877
103,"349417_210416_132112.csv","1","1",30,26,32,"Homme",0,0.688,0.75,0.25,0.375,0.625,0.735,0.382,0.93,-0.16,0.75,0.375,0,485.667,447.25,490.833,606.8
104,"349417_210416_132453.csv","1","1",33,51,27,"Autre",0,0.219,1,0,0,1,0.833,0.083,2.35,0.21,0.125,0.688,25,1608.5,NA,NA,1802.2
105,"349417_210416_141657.csv","1","0",24,38,20,"Femme",1,0.75,0.688,0.312,0.188,0.812,0.676,0.206,1.28,0.18,0.688,0.188,0,919,1001.6,782.667,928.769
106,"349417_210416_143312.csv","1","0",20,62,32,"Femme",1,0.594,0.818,0.182,0.231,0.769,0.792,0.25,1.49,-0.07,0.562,0.375,8,1242.778,1625.5,1146.333,1368.6
107,"349417_210416_151501.csv","1","0",26,20,31,"Homme",0,0.562,0.125,0.875,0,1,0.147,0.029,0.84,1.47,0.125,0,0,1386,944.857,NA,740.375
108,"349417_210416_152802.csv","0","1",20,45,29,"Femme",1,0.438,0.615,0.385,0.4,0.6,0.607,0.409,0.5,-0.02,0.5,0.625,9,811.75,395.2,594.5,615.667
109,"349417_210416_153740.csv","1","0",25,50,31,"Autre",0,0.594,0.267,0.733,0.062,0.938,0.281,0.088,0.77,0.97,0.25,0.062,1,1049.5,929,918,924.2
110,"349417_210416_162817.csv","1","1",30,27,33,"Femme",1,0.156,0.75,0.25,0,1,0.7,0.167,1.49,0.22,0.188,0.875,26,1169.333,1784,NA,1406
111,"349417_210416_163641.csv","1","1",27,43,29,"Homme",0,0.688,0.714,0.286,0.143,0.857,0.7,0.167,1.49,0.22,0.625,0.25,4,1109.9,1127,1231.5,1164.083
112,"349417_210416_170854.csv","1","0",26,51,29,"Homme",0,0.688,0.75,0.25,0.333,0.667,0.735,0.344,1.03,-0.11,0.75,0.375,1,971,1442,1418.2,1275.9
113,"349417_210416_173446.csv","1","1",35,44,34,"Homme",0,0.25,0.625,0.375,0.667,0.333,0.611,0.65,-0.1,-0.33,0.312,0.812,15,1242.4,975.667,1141.833,649
114,"349417_210416_173859.csv","1","0",25,51,33,"Femme",1,0.781,0.75,0.25,0.133,0.867,0.735,0.156,1.64,0.19,0.75,0.188,1,908,941.75,1187,981
115,"349417_210416_193559.csv","1","1",27,56,36,"Femme",1,0.375,0.214,0.786,0.308,0.692,0.233,0.321,-0.26,0.6,0.188,0.438,5,975.667,935.091,863.25,1003.889
116,"349417_210416_203029.csv","1","0",24,54,23,"Homme",0,0.156,0.667,0.333,0,1,0.625,0.125,1.47,0.42,0.125,0.812,26,1662,951,NA,903.333
117,"349417_210416_203451.csv","1","0",28,43,34,"Homme",0,0.812,0.938,0.062,0.312,0.688,0.912,0.324,1.81,-0.45,0.938,0.312,0,838.333,799,920.4,862.727
118,"349417_210416_203958.csv","1","1",21,33,29,"Femme",1,0.719,0.692,0.308,0,1,0.679,0.033,2.3,0.69,0.562,0.125,5,1335.889,1284.5,NA,1318.786
119,"349417_210416_204346.csv","1","1",19,50,38,"Femme",1,0.594,0.615,0.385,0,1,0.607,0.042,2,0.73,0.5,0.312,8,1376.625,1579.8,NA,1253.727
120,"349417_210416_213046.csv","1","0",24,36,27,"Femme",1,0.75,0.562,0.438,0.062,0.938,0.559,0.088,1.5,0.6,0.562,0.062,0,673.111,807,589,777
121,"349417_210417_050321.csv","1","0",27,43,29,"Homme",0,0.312,0.875,0.125,0.5,0.5,0.833,0.5,0.97,-0.48,0.438,0.812,18,1020.429,1662,1291.333,1504.667
122,"349417_210417_065035.csv","1","1",27,44,28,"Femme",1,0.125,0.5,0.5,0,1,0.5,0.125,1.15,0.58,0.062,0.812,27,1781,1229,NA,1325.667
123,"349417_210417_075152.csv","1","1",21,50,47,"Femme",1,0.812,1,0,0.312,0.688,0.969,0.324,2.32,-0.7,0.938,0.312,1,1106.667,NA,1250.4,1190.182
124,"349417_210417_091457.csv","1","0",23,30,26,"Femme",1,0.469,0.727,0.273,0.125,0.875,0.708,0.167,1.52,0.21,0.5,0.562,13,1330.125,1361.667,779,1100.571
125,"349417_210417_091714.csv","1","0",21,33,33,"Femme",1,0.75,0.5,0.5,0,1,0.5,0.029,1.89,0.94,0.5,0,0,891.875,966.125,NA,941.062
126,"349417_210417_093703.csv","1","1",23,58,39,"Femme",1,0.062,1,0,0.5,0.5,0.75,0.5,0.67,-0.34,0.062,0.938,29,1354,NA,1525,1738
127,"349417_210417_102030.csv","1","0",24,52,37,"Femme",1,0.281,0.8,0.2,0,1,0.75,0.083,2.06,0.35,0.25,0.688,22,1631.5,1557,NA,1310.6
128,"349417_210417_114803.csv","1","1",20,37,26,"Homme",0,0.781,0.923,0.077,0.071,0.929,0.893,0.1,2.52,0.02,0.75,0.188,5,1198.583,1949,1332,1501.846
129,"349417_210417_144114.csv","1","1",26,54,34,"Femme",1,0.062,0.333,0.667,0,1,0.375,0.25,0.36,0.5,0.062,0.938,28,1220,1155,NA,1521
130,"349417_210417_164101.csv","1","1",29,52,31,"Femme",1,0.094,1,0,0,1,0.833,0.25,1.64,-0.15,0.125,0.938,29,1604.5,NA,NA,1304
131,"349417_210417_164613.csv","1","0",24,46,34,"Femme",1,0.188,0.333,0.667,0,1,0.357,0.1,0.92,0.82,0.125,0.75,22,1647,1629.5,NA,1158.25
132,"349417_210417_173536.csv","1","1",21,52,33,"Homme",0,0.156,0.8,0.2,0.75,0.25,0.75,0.7,0.15,-0.6,0.25,0.938,23,1545.5,792,1037.667,888
133,"349417_210417_173835.csv","1","0",21,31,32,"Femme",1,0.688,0.733,0.267,0.267,0.733,0.719,0.281,1.16,0,0.688,0.312,2,838.182,669.25,873.75,928.909
134,"349417_210417_180854.csv","1","1",22,51,33,"Femme",1,0.562,1,0,0.667,0.333,0.967,0.654,1.44,-1.11,0.875,0.75,6,772.286,NA,979.5,1198.75
135,"349417_210417_183251.csv","1","0",24,33,20,"Homme",0,0.281,0.364,0.636,0.167,0.833,0.375,0.214,0.47,0.56,0.25,0.688,15,1147.25,1525.143,1001,1153
136,"349417_210417_190521.csv","1","0",21,53,21,"Homme",0,0.125,0.5,0.5,0.5,0.5,0.5,0.5,0,0,0.125,0.875,24,1656,905,1270.5,1567
137,"349417_210417_193607.csv","1","1",20,49,29,"Homme",0,0.656,0.625,0.375,0.312,0.688,0.618,0.324,0.76,0.08,0.625,0.312,0,578.9,683.833,502.8,835.273
138,"349417_210417_194137.csv","1","0",24,46,37,"Femme",1,0.75,0.688,0.312,0.188,0.812,0.676,0.206,1.28,0.18,0.688,0.188,0,830.636,1006.2,812,868.769
139,"349417_210417_230340.csv","1","1",27,48,24,"Homme",0,0.688,0.875,0.125,0.5,0.5,0.853,0.5,1.05,-0.52,0.875,0.5,0,838.286,934.5,975.5,964.5
140,"349417_210417_232854.csv","1","0",26,57,35,"Homme",0,0.188,1,0,0,1,0.9,0.167,2.25,-0.16,0.25,0.875,26,958,NA,NA,1478.5
141,"349417_210418_095859.csv","1","1",21,50,18,"Femme",1,0.719,0.562,0.438,0.067,0.933,0.559,0.094,1.47,0.59,0.562,0.125,1,935.889,1141.714,806,957.929
142,"349417_210418_123258.csv","1","0",22,37,31,"Femme",1,0.281,0.429,0.571,0,1,0.438,0.071,1.31,0.81,0.188,0.625,19,1315,967.25,NA,1096.167
143,"349417_210418_123935.csv","1","1",25,41,27,"Homme",0,0.781,0.857,0.143,0.188,0.812,0.833,0.206,1.79,-0.07,0.75,0.188,2,841.333,849.5,1029,1040.538
144,"349417_210418_152914.csv","1","0",21,52,22,"Femme",1,0.281,0.375,0.625,0,1,0.389,0.071,1.18,0.87,0.188,0.625,18,1218.667,983.2,NA,1099.333
145,"349417_210418_161433.csv","1","0",26,57,27,"Femme",1,0.438,1,0,0.125,0.875,0.938,0.167,2.5,-0.28,0.438,0.562,17,1097.429,NA,1130,1079.857
146,"349417_210418_182053.csv","1","1",27,67,31,"Femme",1,0.719,0.625,0.375,0.071,0.929,0.618,0.1,1.58,0.49,0.625,0.188,2,897.8,1056.833,964,967.923
147,"349417_210418_190949.csv","1","1",26,34,27,"Femme",1,0.844,0.867,0.133,0.067,0.933,0.844,0.094,2.33,0.15,0.812,0.125,2,910.462,1430,1098,1136.286
148,"349417_210419_143555.csv","0","0",22,43,19,"Femme",1,0.062,NA,NA,0,1,0.5,0.167,0.97,0.48,0,0.875,30,NA,NA,NA,1674
149,"349417_210419_152032.csv","1","1",24,34,34,"Femme",1,0.031,NA,NA,0.667,0.333,0.5,0.625,-0.32,-0.16,0,0.938,29,NA,NA,1802.5,1723
150,"349417_210420_002133.csv","0","1",21,25,31,"Femme",1,0.312,0.75,0.25,0.333,0.667,0.722,0.357,0.96,-0.11,0.375,0.75,18,1021.667,1086,1423.5,1288
151,"349417_210420_072349.csv","1","1",20,42,40,"Femme",1,0.719,0.571,0.429,0.062,0.938,0.567,0.088,1.52,0.59,0.5,0.062,2,1085.75,1249.333,981,983.333
152,"349417_210420_082553.csv","1","0",19,29,26,"Femme",1,0.75,0.5,0.5,0,1,0.5,0.029,1.89,0.94,0.5,0,0,1413.25,1429.5,NA,1449.875
153,"349417_210420_085244.csv","1","1",21,45,37,"Femme",1,0.281,0.625,0.375,0,1,0.611,0.1,1.56,0.5,0.312,0.75,20,1389,1587.333,NA,1525
154,"349417_210420_090227.csv","1","0",20,46,46,"Homme",0,0.156,0.667,0.333,0.5,0.5,0.643,0.5,0.37,-0.18,0.25,0.938,24,1065.25,1229.5,756,907
155,"349417_210420_103542.csv","1","0",30,55,43,"Femme",1,0.5,0.9,0.1,0.125,0.875,0.864,0.167,2.06,-0.06,0.562,0.562,14,1188.778,1080,797,1178.143
156,"349417_210420_115434.csv","0","1",24,57,51,"Homme",0,0,NA,NA,NA,NA,0.5,0.5,0,0,0,1,32,NA,NA,NA,NA
157,"349417_210420_120801.csv","1","0",19,52,39,"Femme",1,0.75,0.8,0.2,0.2,0.8,0.781,0.219,1.55,0,0.75,0.25,2,1194.667,1003.667,1125.333,1210.917
158,"349417_210420_160850.csv","1","1",26,55,29,"Femme",1,0.531,0.133,0.867,0,1,0.156,0.031,0.85,1.44,0.125,0.062,2,932.5,1246.385,NA,926.4
159,"349417_210420_163422.csv","1","1",36,50,41,"Femme",1,0,NA,NA,NA,NA,0.5,0.5,0,0,0,1,32,NA,NA,NA,NA
160,"349417_210420_183228.csv","0","0",25,35,36,"Femme",1,0.188,0,1,0.143,0.857,0.1,0.188,-0.39,1.08,0,0.625,21,NA,1592.5,1856,1418.333
161,"349417_210421_153656.csv","1","0",23,41,38,"Femme",1,0.719,0.692,0.308,0.125,0.875,0.679,0.147,1.51,0.29,0.562,0.125,3,702.556,1133.25,1365.5,951.143
162,"349417_210422_101049.csv","1","1",24,40,24,"Femme",1,0.312,0.667,0.333,0.333,0.667,0.65,0.357,0.75,-0.01,0.375,0.75,17,1128.167,1175.333,1478.5,1680.25
163,"349417_210422_122524.csv","1","0",22,42,33,"Femme",1,0.5,0.375,0.625,0.375,0.625,0.382,0.382,0,0.3,0.375,0.375,0,1159,1312.1,1005,951.6
164,"349417_210423_104944.csv","1","0",22,44,29,"Femme",1,0.25,0.625,0.375,0.571,0.429,0.611,0.562,0.12,-0.22,0.312,0.812,17,664.6,922.667,595.5,865.667
165,"349417_210423_113210.csv","1","0",20,57,29,"Femme",1,0.844,0.867,0.133,0.067,0.933,0.844,0.094,2.33,0.15,0.812,0.125,2,823.077,990.5,1005,943.429
166,"349417_210423_140213.csv","1","1",19,38,29,"Femme",1,0.594,0.643,0.357,0.167,0.833,0.633,0.192,1.21,0.26,0.562,0.375,6,1161.222,1469,1518.5,1337
167,"349417_210423_160836.csv","1","1",20,49,44,"Homme",0,0.562,0.636,0.364,0.154,0.846,0.625,0.179,1.24,0.3,0.438,0.312,8,1295.429,1649,1884.5,1374.273
168,"349417_210423_161219.csv","1","0",21,45,37,"Femme",1,0.656,0.571,0.429,0,1,0.567,0.036,1.97,0.82,0.5,0.188,5,955.875,836.833,NA,960.769
169,"349417_210423_164415.csv","1","1",30,48,37,"Homme",0,0.688,0.933,0.067,0.5,0.5,0.906,0.5,1.32,-0.66,0.875,0.5,1,657.5,572,762.625,735.625
170,"349417_210423_170801.csv","1","0",23,57,27,"Femme",1,0.75,0.533,0.467,0,1,0.531,0.029,1.97,0.91,0.5,0,1,1668.75,1720.286,NA,1534.062
171,"349417_210423_174212.csv","1","1",33,25,26,"Homme",0,0.375,0.625,0.375,0.222,0.778,0.611,0.25,0.96,0.2,0.312,0.562,15,1061.4,1357,1410,1140.571
172,"349417_210423_192148.csv","1","0",26,41,39,"Homme",0,0.5,0.727,0.273,0,1,0.708,0.056,2.14,0.52,0.5,0.5,13,1223,1085.333,NA,1161.875
173,"349417_210423_200707.csv","0","1",56,39,31,"Homme",0,0,NA,NA,NA,NA,0.5,0.5,0,0,0,1,32,NA,NA,NA,NA
174,"349417_210423_210645.csv","1","1",22,51,33,"Femme",1,0.719,0.714,0.286,0.188,0.812,0.7,0.206,1.35,0.15,0.625,0.188,2,855.9,816.75,769,825.231
175,"349417_210424_000133.csv","1","0",24,42,47,"Femme",1,0.375,0.357,0.643,0.533,0.467,0.367,0.531,-0.42,0.13,0.312,0.562,3,872.2,1014.111,1016,1197.857
176,"349417_210424_101939.csv","1","0",20,65,41,"Femme",1,0.812,0.867,0.133,0.188,0.812,0.844,0.206,1.83,-0.09,0.812,0.188,1,705.538,715,682.667,811.923
177,"349417_210425_141604.csv","1","0",19,64,36,"Femme",1,0.188,0.75,0.25,0,1,0.7,0.125,1.67,0.31,0.188,0.812,25,1338.667,1959,NA,1634.333
178,"349417_210425_185701.csv","1","1",21,43,25,"Femme",1,0.625,0.6,0.4,0.312,0.688,0.594,0.324,0.7,0.11,0.562,0.312,1,882.556,1050,913.2,891.273
179,"349417_210425_190617.csv","1","0",20,67,37,"Femme",1,0.438,0.778,0.222,0.222,0.778,0.75,0.25,1.35,0,0.438,0.562,14,1015.429,1376.5,928.5,1462.143
180,"349417_210425_191155.csv","0","0",20,59,45,"Femme",1,0.094,1,0,0.333,0.667,0.75,0.375,0.99,-0.18,0.062,0.875,28,750,NA,878,1307
181,"349417_210425_192229.csv","1","1",21,43,38,"Femme",1,0.156,0.4,0.6,0.5,0.5,0.417,0.5,-0.21,0.11,0.125,0.812,21,1536.5,1666,1699.667,1054.333
182,"349417_210425_192247.csv","1","0",21,23,39,"Femme",1,0.531,0.636,0.364,0.167,0.833,0.625,0.192,1.19,0.28,0.438,0.375,9,849.429,1029.25,1102,785.8
183,"349417_210425_193539.csv","1","1",22,44,39,"Homme",0,0.656,0.625,0.375,0.267,0.733,0.618,0.281,0.88,0.14,0.625,0.312,1,1050.9,1254.333,1168,942.273
184,"349417_210425_194126.csv","1","0",20,56,28,"Femme",1,0.562,0.75,0.25,0.625,0.375,0.735,0.618,0.33,-0.46,0.75,0.625,0,1009.667,923.75,862.5,853.333
185,"349417_210425_194309.csv","1","1",20,47,28,"Femme",1,0.719,0.688,0.312,0.2,0.8,0.676,0.219,1.23,0.16,0.688,0.25,1,767.273,886,760,890.583
186,"349417_210425_194930.csv","1","1",20,38,31,"Femme",1,0.25,0.4,0.6,0.143,0.857,0.417,0.188,0.68,0.55,0.125,0.625,20,1364,934.667,1365,1326
187,"349417_210425_202145.csv","1","0",20,44,35,"Femme",1,0.906,0.938,0.062,0.125,0.875,0.912,0.147,2.4,-0.15,0.938,0.125,0,1444.133,1634,1611,1452.214
188,"349417_210425_202553.csv","1","1",34,72,53,"Homme",0,0.469,0.375,0.625,0.4,0.6,0.382,0.406,-0.06,0.27,0.375,0.438,1,841.333,767.1,700.667,784.444
189,"349417_210425_210111.csv","1","1",20,41,28,"Femme",1,0.062,1,0,0,1,0.75,0.25,1.35,0,0.062,0.938,30,1713,NA,NA,1947
190,"349417_210425_213940.csv","1","0",25,46,40,"Homme",0,0.469,0.778,0.222,0.273,0.727,0.75,0.292,1.22,-0.06,0.438,0.5,12,1479.429,1744,1371.333,1084.25
191,"349417_210425_221746.csv","1","1",34,51,18,"Femme",1,0.094,0.5,0.5,0,1,0.5,0.25,0.67,0.34,0.125,0.938,27,1173.5,1606,NA,1990
192,"349417_210426_075124.csv","1","0",19,27,35,"Femme",1,0.094,0.667,0.333,0,1,0.625,0.25,0.99,0.18,0.125,0.938,28,1684.5,87,NA,1854
